{
    "DNDConfig": null,
    "_height_": {
        "type": "string",
        "value": "10%"
    },
    "_margin_": [
        0,
        0,
        0,
        0
    ],
    "_padding_": [
        0,
        0,
        0,
        0
    ],
    "_render_": true,
    "_width_": {
        "type": "string",
        "value": "100%"
    },
    "allboxes": [],
    "autogrowmode": 0,
    "canUpdateUI": true,
    "children": [
        "lblDirection",
        "lblDistance"
    ],
    "clipbounds": true,
    "containerId": true,
    "containerweight": 100,
    "enabled": false,
    "enablescrolling": true,
    "id": "FBox034d4b174025845",
    "info": null,
    "isGeneratedTemplate": true,
    "isTemplate": true,
    "isvisible": true,
    "kuid": "e95cd2e8732145bd9054b0ac98d1219d",
    "layouttype": 2,
    "name": "kony.ui.FlexContainer",
    "orientation": 6,
    "percent": true,
    "pf": "FBox034d4b174025845",
    "snapgridsize": 10,
    "snaptogrid": true,
    "wType": "FlexContainer",
    "widgetalignment": 1
}