{
    "@class": "com.kony.gen.viz.model.component.KVizLabel",
    "DNDConfig": null,
    "__parentReadjusting__": false,
    "_height_": {
        "type": "ref",
        "value": "preferred"
    },
    "_left_": {
        "type": "string",
        "value": "0%"
    },
    "_margin_": [
        1,
        1,
        1,
        1
    ],
    "_padding_": [
        0,
        0,
        0,
        0
    ],
    "_render_": true,
    "_right_": {
        "type": "string",
        "value": "0%"
    },
    "_skin_": "sbf3712da333450abaf28eb016a97abb",
    "_text_": "Label",
    "_top_": {
        "type": "string",
        "value": "76%"
    },
    "_wrapping_": 2,
    "canUpdateUI": true,
    "containerId": true,
    "containerweight": 100,
    "contentalignment": 4,
    "enabled": false,
    "id": "lblDistance",
    "info": null,
    "ipad": {
        "psp": {
            "wrapping": 2
        }
    },
    "iphone": {
        "psp": {
            "wrapping": 2
        }
    },
    "isSegmentChild": true,
    "isvisible": true,
    "kuid": "cfc1c7616acb41dcbf8ecf842681c0b8",
    "name": "kony.ui.Label",
    "parent": "FBox034d4b174025845",
    "pf": "FBox034d4b174025845",
    "tooltip": "",
    "wType": "Label",
    "widgetalignment": 5,
    "zindex": 1
}