{
    "DNDConfig": null,
    "__parentReadjusting__": false,
    "_height_": {
        "type": "string",
        "value": "345dp"
    },
    "_left_": {
        "type": "string",
        "value": "10dp"
    },
    "_margin_": [
        0,
        0,
        0,
        0
    ],
    "_padding_": [
        0,
        0,
        0,
        0
    ],
    "_render_": true,
    "_skin_": "sade1932ee804b7881a93e67eb6b9ab8",
    "_top_": {
        "type": "string",
        "value": "125dp"
    },
    "_width_": {
        "type": "string",
        "value": "94.44%"
    },
    "allboxes": [],
    "autogrowmode": 0,
    "canUpdateUI": true,
    "children": [
        "lblSDDestination",
        "rbtngrpDestination"
    ],
    "clipbounds": true,
    "containerweight": 100,
    "enabled": false,
    "enablescrolling": true,
    "id": "flxSDDestination",
    "info": null,
    "isvisible": true,
    "kuid": "84182e54b57247c9a1729712679c7ef7",
    "layouttype": 2,
    "name": "kony.ui.FlexContainer",
    "orientation": 6,
    "parent": "frmShowDistanceIphone",
    "percent": true,
    "pf": "frmShowDistanceIphone",
    "snapgridsize": 10,
    "snaptogrid": true,
    "wType": "FlexContainer",
    "widgetalignment": 1,
    "zindex": 1
}