{
    "@class": "com.kony.gen.viz.model.component.KVizLabel",
    "DNDConfig": null,
    "__parentReadjusting__": false,
    "_height_": {
        "type": "ref",
        "value": "preferred"
    },
    "_left_": {
        "type": "string",
        "value": "24dp"
    },
    "_margin_": [
        1,
        1,
        1,
        1
    ],
    "_padding_": [
        0,
        0,
        0,
        0
    ],
    "_render_": true,
    "_skin_": "sace1985be0e4b7b94efa1508a752183",
    "_text_": "Source: ",
    "_top_": {
        "type": "string",
        "value": "2dp"
    },
    "_width_": {
        "type": "ref",
        "value": "preferred"
    },
    "_wrapping_": 2,
    "canUpdateUI": true,
    "containerweight": 100,
    "contentalignment": 4,
    "enabled": false,
    "id": "lblSDSource",
    "info": null,
    "ipad": {
        "psp": {
            "wrapping": 2
        }
    },
    "iphone": {
        "psp": {
            "wrapping": 2
        }
    },
    "isvisible": true,
    "kuid": "e9e6f00eb14546f7a36d21814f75a72f",
    "name": "kony.ui.Label",
    "parent": "flxSDSource",
    "pf": "frmShowDistanceIphone",
    "tooltip": "",
    "wType": "Label",
    "widgetalignment": 5
}