{
    "@class": "com.kony.gen.viz.model.component.KVizRadio",
    "DNDConfig": null,
    "__parentReadjusting__": false,
    "_dimension_": 18,
    "_height_": {
        "type": "string",
        "value": "40%"
    },
    "_left_": {
        "type": "string",
        "value": "5%"
    },
    "_margin_": [
        0,
        0,
        0,
        0
    ],
    "_padding_": [
        11,
        2,
        18,
        3
    ],
    "_render_": true,
    "_right_": {
        "type": "string",
        "value": "5%"
    },
    "_skin_": "s966c0956dc348e8b5c32f99e37d1cdf",
    "_top_": {
        "type": "string",
        "value": "35%"
    },
    "_width_": {
        "type": "string",
        "value": "90%"
    },
    "android": {
        "psp": {
            "viewType": 0
        }
    },
    "canUpdateUI": true,
    "containerweight": 100,
    "enabled": false,
    "groupcells": false,
    "id": "rbtngrpSource",
    "ide_onSelection": "AS_RadioButtonGroup_878be6b90d4c482a8998438eed13a97f",
    "info": null,
    "ipad": {
        "psp": {
            "viewType": 0
        }
    },
    "iphone": {
        "psp": {
            "viewType": 0
        }
    },
    "isvisible": true,
    "itemorientation": "vertical",
    "kuid": "58a8cf7243284edabdce35d980b7f425",
    "masterdata": [
        [
            "rbg1",
            "Orlando - Airport"
        ]
    ],
    "name": "kony.ui.RadioButtonGroup",
    "onselection": "AS_RadioButtonGroup_8a7ae0f9a4c24551a57b7d5cfbce5b96",
    "paddinginpixel": false,
    "parent": "flxSDSource",
    "pf": "frmShowDistanceIphone",
    "selectedkey": "rbg1",
    "selectedkeyvalue": [
        "rbg1",
        "Orlando - Airport"
    ],
    "size": 18,
    "tooltip": "",
    "viewconfig": {
        "toggleViewConfig": {
            "viewStyle": 0
        }
    },
    "viewtype": 0,
    "wType": "RadioButtonGroup",
    "widgetalignment": 5,
    "zindex": 1
}