{"mwaddrkey":"","wap_android360_fontsize":"12","isA11yConfigEnabled":false,"watchos_notificationcentericon_42":"","wap_android440_fontsize":"12","apppackagekey":"","nativeContainerProperties":{"isEnableJSContainerAndroid":false,"isModified":true,"isEnableJSContaineriOS":false,"isEnableJSContainer":false},"wap_android400_fontsize":"12","wap_spaandroidtabhdpi_fontsize":"12","appversionkey":"1.0.0","watchos_longlooknotificationicon_38":"","project.type":"js","startupformkey":"frmShowDistanceIphone","wap_bb480_fontsize":"12","wap_winphone480_fontsize":"12","wap_android640_fontsize":"12","vendornamekey":"KonyLabs","wap_android320_fontsize":"12","createdgaversion":"6.8.0","watchos_notificationcentericon_38":"","enableactionbar":false,"watchos_shortlooknotificationicon_42":"","wap_android480_fontsize":"12","wap_winphone320_fontsize":"12","watchos_longlooknotificationicon_42":"","appmenu":{"tablet":{"data":[{"kuid":"eca5b1c86315480ca836fbcb29ef1159","icon":{"default":"option1.png"},"id":"appmenuitemid1","title":"Item 1"},{"kuid":"7dba8737047f41d783fd7a8ffddc742a","icon":{"default":"option2.png"},"id":"appmenuitemid2","title":"Item 2"},{"kuid":"81bff6e5a0df423fb76d423d9fa924e7","icon":{"default":"option3.png"},"id":"appmenuitemid3","title":"Item 3"},{"kuid":"b7bd416ed0b441218afee6c4af931472","icon":{"default":"option4.png"},"id":"appmenuitemid4","title":"Item 4"}]},"desktop":{"data":[{"kuid":"43e74cfe4a7d465b9ffd5b65d9e48f2e","icon":{"default":"option1.png"},"id":"appmenuitemid1","title":"Item 1"},{"kuid":"04b9ef1373304fa79e5f88d7865f70ea","icon":{"default":"option2.png"},"id":"appmenuitemid2","title":"Item 2"},{"kuid":"a23f9113de1146d4a84138a80d5dbc3f","icon":{"default":"option3.png"},"id":"appmenuitemid3","title":"Item 3"},{"kuid":"2603a0aca56a4c40a70127d09d066a39","icon":{"default":"option4.png"},"id":"appmenuitemid4","title":"Item 4"}]},"focusskin":null,"osVersion":"iOS7","wType":"Appmenu","focusSkin":null,"mobile":{"data":[{"kuid":"b589cba34fe74a27a5bae4c287f03910","icon":{"default":"option1.png"},"id":"appmenuitemid1","title":"Item 1"},{"kuid":"d33717a4a4a1425da2695c1d4b621e31","icon":{"default":"option2.png"},"id":"appmenuitemid2","title":"Item 2"},{"kuid":"a2903169bdd1418eaf276271c1748b00","icon":{"default":"option3.png"},"id":"appmenuitemid3","title":"Item 3"},{"kuid":"93da8932e6e84396b948d37537705508","icon":{"default":"option4.png"},"id":"appmenuitemid4","title":"Item 4"}]},"skin":null,"osPlatform":""},"wap_spaipad_fontsize":"12","mwportkey":"","mwhttpsportkey":"","wap_bb440_fontsize":"12","wap_bb400_fontsize":"12","appidkey":"KonyMapsFeature","statusBarHidden":"false","wap_bb360_fontsize":"12","export.type":"studioviz","isNewAppWithRespectToAndroidPackageName":"","wap_spawindowstab_fontsize":"12","defaulttheme":"defaultTheme","watchos_shortlooknotificationicon_38":"","appaddrkey":"","appnamekey":"KonyMapsFeature","currentgaversion":"7.3.0","wap_bb320_fontsize":"12","wap_bb240_fontsize":"12","desktopwebbasefontsize":"12","wap_android240_fontsize":"12","wap_spaandroidtabldpi_fontsize":"12","wap_spaandroidtabmdpi_fontsize":"12","konyVizVersion":"7.3.0","wap_spaandroidtab_fontsize":"12","winmobileguidkey":"","APPLICATION_THEME":"default","ide_appEvents":{"mobile":{"preappinit":"AS_AppEvents_c386f1f9c6ea41458ac6410eabee7284"}},"build":"debug","project_version":"sprint27","wap_ip_fontsize":"12","category":"app","createdVizVersion":"2.8.0"}