{"createdVizVersion":"2.8.0","watchos_longlooknotificationicon_42":"","wap_android240_fontsize":"12","mwaddrkey":"","watchos_notificationcentericon_38":"","wap_android640_fontsize":"12","createdgaversion":"6.8.0","ide_appEvents":{"mobile":{"preappinit":"AS_AppEvents_c386f1f9c6ea41458ac6410eabee7284"}},"winmobileguidkey":"","desktopwebbasefontsize":"12","watchos_shortlooknotificationicon_42":"","wap_spaandroidtab_fontsize":"12","apppackagekey":"","startupformkey":"frmShowDistanceIphone","wap_bb440_fontsize":"12","wap_spaandroidtabldpi_fontsize":"12","isA11yConfigEnabled":false,"wap_android480_fontsize":"12","wap_spawindowstab_fontsize":"12","defaulttheme":"defaultTheme","wap_winphone320_fontsize":"12","watchos_longlooknotificationicon_38":"","watchos_notificationcentericon_42":"","enableactionbar":false,"wap_android360_fontsize":"12","appmenu":{"focusSkin":null,"tablet":{"data":[{"id":"appmenuitemid1","icon":{"default":"option1.png"},"title":"Item 1","kuid":"eca5b1c86315480ca836fbcb29ef1159"},{"id":"appmenuitemid2","icon":{"default":"option2.png"},"title":"Item 2","kuid":"7dba8737047f41d783fd7a8ffddc742a"},{"id":"appmenuitemid3","icon":{"default":"option3.png"},"title":"Item 3","kuid":"81bff6e5a0df423fb76d423d9fa924e7"},{"id":"appmenuitemid4","icon":{"default":"option4.png"},"title":"Item 4","kuid":"b7bd416ed0b441218afee6c4af931472"}]},"osVersion":"iOS7","wType":"Appmenu","focusskin":null,"osPlatform":"","desktop":{"data":[{"id":"appmenuitemid1","icon":{"default":"option1.png"},"title":"Item 1","kuid":"43e74cfe4a7d465b9ffd5b65d9e48f2e"},{"id":"appmenuitemid2","icon":{"default":"option2.png"},"title":"Item 2","kuid":"04b9ef1373304fa79e5f88d7865f70ea"},{"id":"appmenuitemid3","icon":{"default":"option3.png"},"title":"Item 3","kuid":"a23f9113de1146d4a84138a80d5dbc3f"},{"id":"appmenuitemid4","icon":{"default":"option4.png"},"title":"Item 4","kuid":"2603a0aca56a4c40a70127d09d066a39"}]},"skin":null,"mobile":{"data":[{"id":"appmenuitemid1","icon":{"default":"option1.png"},"title":"Item 1","kuid":"b589cba34fe74a27a5bae4c287f03910"},{"id":"appmenuitemid2","icon":{"default":"option2.png"},"title":"Item 2","kuid":"d33717a4a4a1425da2695c1d4b621e31"},{"id":"appmenuitemid3","icon":{"default":"option3.png"},"title":"Item 3","kuid":"a2903169bdd1418eaf276271c1748b00"},{"id":"appmenuitemid4","icon":{"default":"option4.png"},"title":"Item 4","kuid":"93da8932e6e84396b948d37537705508"}]}},"project.type":"js","appversionkey":"1.0.0","mwportkey":"","wap_bb400_fontsize":"12","isNewAppWithRespectToAndroidPackageName":"","build":"debug","wap_android320_fontsize":"12","statusBarHidden":"false","wap_winphone480_fontsize":"12","export.type":"studioviz","wap_bb240_fontsize":"12","wap_bb480_fontsize":"12","wap_spaandroidtabmdpi_fontsize":"12","wap_bb320_fontsize":"12","project_version":"sprint22","wap_android400_fontsize":"12","appaddrkey":"","wap_ip_fontsize":"12","watchos_shortlooknotificationicon_38":"","currentgaversion":"6.8.0","appidkey":"KonyMapsFeature","mwhttpsportkey":"","vendornamekey":"KonyLabs","konyVizVersion":"2.9.0","appnamekey":"KonyMapsFeature","APPLICATION_THEME":"default","wap_android440_fontsize":"12","wap_spaipad_fontsize":"12","wap_spaandroidtabhdpi_fontsize":"12","nativeContainerProperties":{"isModified":false,"isEnableJSContaineriOS":false,"isEnableJSContainerAndroid":false,"isEnableJSContainer":false},"wap_bb360_fontsize":"12"}