{
    "@class": "com.kony.gen.viz.model.component.KVizButton",
    "DNDConfig": null,
    "__parentReadjusting__": false,
    "_enabled_": false,
    "_height_": {
        "type": "string",
        "value": "100%"
    },
    "_left_": {
        "type": "string",
        "value": "0dp"
    },
    "_margin_": [
        6,
        6,
        6,
        6
    ],
    "_padding_": [
        0,
        0,
        0,
        0
    ],
    "_render_": true,
    "_skin_": "s8e83e063356484b8ee7e64f1f4157a0",
    "_text_": "Show Directions",
    "_top_": {
        "type": "string",
        "value": "0dp"
    },
    "_width_": {
        "type": "string",
        "value": "100%"
    },
    "canUpdateUI": true,
    "containerId": true,
    "containerweight": 100,
    "contentalignment": 5,
    "displaytext": true,
    "focusskin": "s0b0cf5547094073a87657f3731676d6",
    "id": "btnHdr",
    "ide_onClick": "AS_Button_5bf0eb6005eb4180accdb87c89ee6322",
    "info": null,
    "isSegmentChild": false,
    "isvisible": true,
    "kuid": "3eac26db8d1e491e8633ddb8a66a1670",
    "name": "kony.ui.Button",
    "onclick": "AS_Button_5bf0eb6005eb4180accdb87c89ee6322",
    "parent": "flexFtr",
    "pf": "myFtrTemplate",
    "wType": "Button",
    "widgetalignment": 5
}