{
    "DNDConfig": null,
    "_height_": {
        "type": "string",
        "value": "10%"
    },
    "_margin_": [
        0,
        0,
        0,
        0
    ],
    "_padding_": [
        0,
        0,
        0,
        0
    ],
    "_render_": true,
    "_skin_": "s193f385974643f8b5b22b16a3d97378",
    "allboxes": [],
    "autogrowmode": 0,
    "canUpdateUI": true,
    "children": [
        "btnHdr"
    ],
    "clipbounds": true,
    "containerId": true,
    "containerweight": 100,
    "enabled": false,
    "enablescrolling": true,
    "id": "flexFtr",
    "info": null,
    "isSegmentChild": false,
    "isvisible": true,
    "kuid": "3403d3733da342cd9675b0be26ed9eac",
    "layouttype": 2,
    "name": "kony.ui.FlexContainer",
    "orientation": 6,
    "parent": "myFtrTemplate",
    "percent": true,
    "pf": "myFtrTemplate",
    "snapgridsize": 10,
    "snaptogrid": true,
    "wType": "FlexContainer",
    "widgetalignment": 5
}