{
    "@class": "com.kony.gen.viz.model.component.KVizButton",
    "DNDConfig": null,
    "__parentReadjusting__": false,
    "_enabled_": false,
    "_height_": {
        "type": "string",
        "value": "6.50%"
    },
    "_left_": {
        "type": "string",
        "value": "0%"
    },
    "_margin_": [
        6,
        6,
        6,
        6
    ],
    "_padding_": [
        0,
        0,
        0,
        0
    ],
    "_render_": true,
    "_skin_": "s6a56661d86544b8941997da5f606a21",
    "_text_": "Show Turn By Turn Directions",
    "_top_": {
        "type": "string",
        "value": "93.22%"
    },
    "_width_": {
        "type": "string",
        "value": "100%"
    },
    "canUpdateUI": true,
    "containerweight": 100,
    "contentalignment": 5,
    "displaytext": true,
    "focusskin": "s0b0cf5547094073a87657f3731676d6",
    "id": "btnMyRS",
    "ide_onClick": "AS_Button_e2a4ceae8da94d5988b6f1a7b0669783",
    "info": null,
    "isvisible": true,
    "kuid": "71de7112f2a6472898f02d066a2dfe96",
    "name": "kony.ui.Button",
    "onclick": "AS_Button_e2a4ceae8da94d5988b6f1a7b0669783",
    "parent": "frmMyRouteSearch",
    "pf": "frmMyRouteSearch",
    "wType": "Button",
    "widgetalignment": 5,
    "zindex": 105
}