{
    "DNDConfig": null,
    "__parentReadjusting__": false,
    "_bottom_": {
        "type": "string",
        "value": "0%"
    },
    "_decelerating_": false,
    "_dragging_": false,
    "_height_": {
        "type": "string",
        "value": "100%"
    },
    "_left_": {
        "type": "string",
        "value": "0%"
    },
    "_margin_": [
        0,
        0,
        0,
        0
    ],
    "_padding_": [
        0,
        0,
        0,
        0
    ],
    "_render_": true,
    "_right_": {
        "type": "string",
        "value": "0%"
    },
    "_skin_": "s1b5278f00174a309625c3c43573b726",
    "_top_": {
        "type": "string",
        "value": "0%"
    },
    "_tracking_": false,
    "_width_": {
        "type": "string",
        "value": "100%"
    },
    "allboxes": [],
    "allowhorizontalbounce": true,
    "allowverticalbounce": true,
    "bounces": true,
    "canUpdateUI": true,
    "children": [
        "segDirections"
    ],
    "clipbounds": true,
    "containerweight": 100,
    "decelerat": false,
    "dragg": false,
    "enabled": false,
    "enablescrolling": true,
    "horizontalscrollindicator": true,
    "id": "flxScrlSeg",
    "info": null,
    "isvisible": true,
    "kuid": "0407fc3d23b842cd83d8df957c96212e",
    "layouttype": 2,
    "name": "kony.ui.FlexScrollContainer",
    "orientation": 6,
    "pagingenabled": false,
    "parent": "frmMyRouteSearch",
    "percent": true,
    "pf": "frmMyRouteSearch",
    "scrolldirection": 1,
    "snapgridsize": 10,
    "snaptogrid": true,
    "track": false,
    "verticalscrollindicator": true,
    "wType": "FlexScrollContainer",
    "widgetalignment": 1,
    "zindex": 1
}