{
    "@class": "com.kony.gen.viz.model.container.KVizScrollFlexForm",
    "DNDConfig": null,
    "_footers_": [],
    "_margin_": [
        0,
        0,
        0,
        0
    ],
    "_padding_": [
        0,
        0,
        0,
        0
    ],
    "_render_": true,
    "_skin_": "s3f768fd25ab44b297054cc4d6ed59a4",
    "_title_": null,
    "addWidgetsdone": false,
    "allboxes": [],
    "android": {
        "needAppMenu": false,
        "psp": {
            "windowSoftInputMode": 2
        }
    },
    "bounces": false,
    "canUpdateUI": true,
    "children": [
        "mapRouteSearch",
        "btnMyRS",
        "flxScrlSeg"
    ],
    "containerweight": 100,
    "contentoffsetx": 0,
    "contentoffsety": 0,
    "contentsizeheight": 0,
    "contentsizewidth": 0,
    "currentLocale": null,
    "desktopweb": {
        "needAppMenu": false
    },
    "device": "GalaxyS5",
    "displayorientation": 1,
    "enabled": false,
    "enabledforidletimeout": false,
    "enablescrolling": false,
    "footer": "frmMyRouteSearch_footer",
    "id": "frmMyRouteSearch",
    "ide_onHide": "AS_Form_70e50808698b4017a28dfb090f349b0d",
    "ide_postShow": "AS_Form_120abfc2f4e040e783f96791f8857181",
    "ide_preShow": "AS_Form_0c4b8e2ad48549108ab632c7baf0253c",
    "info": null,
    "initdone": false,
    "inputaccessoryviewtype": 4,
    "invokedProperty": "footers",
    "ipad": {
        "psp": {
            "inputAccessoryViewType": 4
        }
    },
    "iphone": {
        "needAppMenu": false,
        "psp": {
            "inputAccessoryViewType": 4,
            "titleBarConfig": {
                "buttonClosureLeftSideView": "",
                "buttonClosureRightSideView": "",
                "buttonText": "Edit",
                "leftButtonText": "Back",
                "leftTitle": "Back",
                "prevFormTitle": false,
                "renderTitleText": true,
                "rightTitle": "Edit",
                "titleBarLeftSideView": "button",
                "titleBarRightSideView": "button",
                "titleClosureLeftSideView": "",
                "titleClosureRightSideView": "",
                "visible": true
            }
        },
        "titleBar": true
    },
    "isvisible": true,
    "kuid": "1a95c7eda56d467a8c36472ebccda93c",
    "layouttype": 2,
    "name": "kony.ui.Form2",
    "needappmenu": true,
    "onhide": "AS_Form_70e50808698b4017a28dfb090f349b0d",
    "orientation": 1,
    "paddinginpixel": false,
    "percent": true,
    "platform": "android",
    "postshow": "AS_Form_120abfc2f4e040e783f96791f8857181",
    "preshow": "AS_Form_0c4b8e2ad48549108ab632c7baf0253c",
    "prevDevice": "iPhone6",
    "prevPlatform": "iphone",
    "retainscrollposition": false,
    "shellCSS": "and_GalaxyS5",
    "snapgridsize": 10,
    "snaptogrid": true,
    "spaan": {
        "needAppMenu": false
    },
    "spabb": {
        "needAppMenu": false
    },
    "spaip": {
        "needAppMenu": false
    },
    "spawinphone8": {
        "needAppMenu": false
    },
    "titleBarSkin": "sa1f21944341431ebbcaa9421c715af9",
    "titlebar": true,
    "type": 3,
    "wType": "Form",
    "widgetalignment": 5,
    "windowsoftinputmode": 2,
    "winphone8": {
        "needAppMenu": false
    }
}