{
  "android": {
    "background_color": "272fd6ff",
    "bg_type": "one",
    "border_color": "ffffffff",
    "border_style": "plain",
    "border_type": 0,
    "border_width": 36,
    "isForked": true,
    "text_shadow": {
      "br": 0,
      "color": "000000ff",
      "x": 0,
      "y": -1
    }
  },
  "background_color": "56a9ddff",
  "bg_type": "one",
  "border_color": "ffffffff",
  "border_style": "plain",
  "border_type": 0,
  "border_width": 0,
  "delinkedPltfrms": {
    "desktop": [],
    "mobile": [
      "iphone"
    ],
    "tablet": []
  },
  "desktopweb": {
    "background_color": "272fd6ff",
    "bg_type": "one",
    "bottom_left_border_color": "ffffffff",
    "bottom_left_border_style": "plain",
    "bottom_left_border_width": 0,
    "bottom_right_border_color": "ffffffff",
    "bottom_right_border_style": "plain",
    "bottom_right_border_width": 0,
    "isForked": true,
    "shadow": {
      "br": 2,
      "color": "000000ff",
      "inner": false,
      "nm": 0,
      "x": 0,
      "y": 2
    },
    "text_shadow": {
      "br": 0,
      "color": "000000ff",
      "x": 0,
      "y": -1
    },
    "top_left_border_color": "ffffffff",
    "top_left_border_style": "plain",
    "top_left_border_width": 0,
    "top_right_border_color": "ffffffff",
    "top_right_border_style": "plain",
    "top_right_border_width": 0
  },
  "font_color": "ffffffff",
  "font_name": "Helvetica",
  "font_size": 146,
  "font_style": "normal",
  "font_weight": "normal",
  "ipad": {
    "background_color": "272fd6ff",
    "bg_type": "one",
    "border_color": "ffffffff",
    "border_style": "plain",
    "border_type": 0,
    "border_width": 36,
    "isForked": true,
    "shadow": {
      "br": 2,
      "color": "000000ff",
      "inner": false,
      "nm": 0,
      "x": 0,
      "y": 2
    },
    "text_shadow": {
      "br": 0,
      "color": "000000ff",
      "x": 0,
      "y": -1
    }
  },
  "iphone": {
    "background_color": "3a22f200",
    "bg_type": "one",
    "border_color": "ffffffff",
    "border_style": "plain",
    "border_type": 0,
    "border_width": 36,
    "isForked": true,
    "shadow": {
      "br": 2,
      "color": "000000ff",
      "inner": false,
      "nm": 0,
      "x": 0,
      "y": 2
    },
    "text_shadow": {
      "br": 0,
      "color": "000000ff",
      "x": 0,
      "y": -1
    }
  },
  "isDefaultSkin": false,
  "kiosk": {
    "background_color": "272fd6ff",
    "bg_type": "one",
    "border_color": "ffffffff",
    "border_style": "plain",
    "border_type": 0,
    "border_width": 36,
    "isForked": true
  },
  "kuid": "se5185372fe34f0bba60862cf5096825",
  "spaan": {
    "background_color": "272fd6ff",
    "bg_type": "one",
    "bottom_left_border_color": "ffffffff",
    "bottom_left_border_style": "plain",
    "bottom_left_border_width": 0,
    "bottom_right_border_color": "ffffffff",
    "bottom_right_border_style": "plain",
    "bottom_right_border_width": 0,
    "isForked": true,
    "shadow": {
      "br": 2,
      "color": "000000ff",
      "inner": false,
      "nm": 0,
      "x": 0,
      "y": 2
    },
    "text_shadow": {
      "br": 0,
      "color": "000000ff",
      "x": 0,
      "y": -1
    },
    "top_left_border_color": "ffffffff",
    "top_left_border_style": "plain",
    "top_left_border_width": 0,
    "top_right_border_color": "ffffffff",
    "top_right_border_style": "plain",
    "top_right_border_width": 0
  },
  "spaandroidtablet": {
    "background_color": "272fd6ff",
    "bg_type": "one",
    "bottom_left_border_color": "ffffffff",
    "bottom_left_border_style": "plain",
    "bottom_left_border_width": 0,
    "bottom_right_border_color": "ffffffff",
    "bottom_right_border_style": "plain",
    "bottom_right_border_width": 0,
    "isForked": true,
    "shadow": {
      "br": 2,
      "color": "000000ff",
      "inner": false,
      "nm": 0,
      "x": 0,
      "y": 2
    },
    "text_shadow": {
      "br": 0,
      "color": "000000ff",
      "x": 0,
      "y": -1
    },
    "top_left_border_color": "ffffffff",
    "top_left_border_style": "plain",
    "top_left_border_width": 0,
    "top_right_border_color": "ffffffff",
    "top_right_border_style": "plain",
    "top_right_border_width": 0
  },
  "spabb": {
    "background_color": "272fd6ff",
    "bg_type": "one",
    "bottom_left_border_color": "ffffffff",
    "bottom_left_border_style": "plain",
    "bottom_left_border_width": 0,
    "bottom_right_border_color": "ffffffff",
    "bottom_right_border_style": "plain",
    "bottom_right_border_width": 0,
    "isForked": true,
    "shadow": {
      "br": 2,
      "color": "000000ff",
      "inner": false,
      "nm": 0,
      "x": 0,
      "y": 2
    },
    "text_shadow": {
      "br": 0,
      "color": "000000ff",
      "x": 0,
      "y": -1
    },
    "top_left_border_color": "ffffffff",
    "top_left_border_style": "plain",
    "top_left_border_width": 0,
    "top_right_border_color": "ffffffff",
    "top_right_border_style": "plain",
    "top_right_border_width": 0
  },
  "spaip": {
    "background_color": "272fd6ff",
    "bg_type": "one",
    "bottom_left_border_color": "ffffffff",
    "bottom_left_border_style": "plain",
    "bottom_left_border_width": 0,
    "bottom_right_border_color": "ffffffff",
    "bottom_right_border_style": "plain",
    "bottom_right_border_width": 0,
    "isForked": true,
    "shadow": {
      "br": 2,
      "color": "000000ff",
      "inner": false,
      "nm": 0,
      "x": 0,
      "y": 2
    },
    "text_shadow": {
      "br": 0,
      "color": "000000ff",
      "x": 0,
      "y": -1
    },
    "top_left_border_color": "ffffffff",
    "top_left_border_style": "plain",
    "top_left_border_width": 0,
    "top_right_border_color": "ffffffff",
    "top_right_border_style": "plain",
    "top_right_border_width": 0
  },
  "spaipad": {
    "background_color": "272fd6ff",
    "bg_type": "one",
    "bottom_left_border_color": "ffffffff",
    "bottom_left_border_style": "plain",
    "bottom_left_border_width": 0,
    "bottom_right_border_color": "ffffffff",
    "bottom_right_border_style": "plain",
    "bottom_right_border_width": 0,
    "isForked": true,
    "shadow": {
      "br": 2,
      "color": "000000ff",
      "inner": false,
      "nm": 0,
      "x": 0,
      "y": 2
    },
    "text_shadow": {
      "br": 0,
      "color": "000000ff",
      "x": 0,
      "y": -1
    },
    "top_left_border_color": "ffffffff",
    "top_left_border_style": "plain",
    "top_left_border_width": 0,
    "top_right_border_color": "ffffffff",
    "top_right_border_style": "plain",
    "top_right_border_width": 0
  },
  "spawindowstablet": {
    "background_color": "272fd6ff",
    "bg_type": "one",
    "bottom_left_border_color": "ffffffff",
    "bottom_left_border_style": "plain",
    "bottom_left_border_width": 0,
    "bottom_right_border_color": "ffffffff",
    "bottom_right_border_style": "plain",
    "bottom_right_border_width": 0,
    "isForked": true,
    "shadow": {
      "br": 2,
      "color": "000000ff",
      "inner": false,
      "nm": 0,
      "x": 0,
      "y": 2
    },
    "text_shadow": {
      "br": 0,
      "color": "000000ff",
      "x": 0,
      "y": -1
    },
    "top_left_border_color": "ffffffff",
    "top_left_border_style": "plain",
    "top_left_border_width": 0,
    "top_right_border_color": "ffffffff",
    "top_right_border_style": "plain",
    "top_right_border_width": 0
  },
  "spawinphone8": {
    "background_color": "272fd6ff",
    "bg_type": "one",
    "bottom_left_border_color": "ffffffff",
    "bottom_left_border_style": "plain",
    "bottom_left_border_width": 0,
    "bottom_right_border_color": "ffffffff",
    "bottom_right_border_style": "plain",
    "bottom_right_border_width": 0,
    "isForked": true,
    "shadow": {
      "br": 2,
      "color": "000000ff",
      "inner": false,
      "nm": 0,
      "x": 0,
      "y": 2
    },
    "text_shadow": {
      "br": 0,
      "color": "000000ff",
      "x": 0,
      "y": -1
    },
    "top_left_border_color": "ffffffff",
    "top_left_border_style": "plain",
    "top_left_border_width": 0,
    "top_right_border_color": "ffffffff",
    "top_right_border_style": "plain",
    "top_right_border_width": 0
  },
  "tabrcandroid": {
    "background_color": "272fd6ff",
    "bg_type": "one",
    "border_color": "ffffffff",
    "border_style": "plain",
    "border_type": 0,
    "border_width": 36,
    "isForked": true,
    "text_shadow": {
      "br": 0,
      "color": "000000ff",
      "x": 0,
      "y": -1
    }
  },
  "wType": "Button",
  "windows8": {
    "background_color": "272fd6ff",
    "bg_type": "one",
    "border_color": "ffffffff",
    "border_style": "plain",
    "border_type": 0,
    "border_width": 36,
    "isForked": true
  },
  "winphone8": {
    "background_color": "272fd6ff",
    "bg_type": "one",
    "border_color": "ffffffff",
    "border_style": "plain",
    "border_type": 0,
    "border_width": 36,
    "isForked": true
  }
}