{
  "android": {
    "font_size": 115,
    "isForked": false
  },
  "background_color": "ffffffff",
  "bg_type": "one",
  "border_color": "000000ff",
  "border_style": "plain",
  "border_type": 0,
  "border_width": 0,
  "desktopweb": {
    "font_size": 115,
    "isForked": false
  },
  "fontSizeInPx": false,
  "font_color": "000000ff",
  "font_name": "Helvetica",
  "font_size": 115,
  "font_style": "normal",
  "font_weight": "normal",
  "ipad": {
    "font_size": 115,
    "isForked": false
  },
  "iphone": {
    "font_size": 115,
    "isForked": false
  },
  "isDefaultSkin": false,
  "kiosk": {
    "font_size": 115,
    "isForked": false
  },
  "kuid": "s82fefbd660a49e6a20b0d2354a5a403",
  "spaan": {
    "font_size": 115,
    "isForked": false
  },
  "spaandroidtablet": {
    "font_size": 115,
    "isForked": false
  },
  "spabb": {
    "font_size": 115,
    "isForked": false
  },
  "spaip": {
    "font_size": 115,
    "isForked": false
  },
  "spaipad": {
    "font_size": 115,
    "isForked": false
  },
  "spawindowstablet": {
    "font_size": 115,
    "isForked": false
  },
  "spawinphone8": {
    "font_size": 115,
    "isForked": false
  },
  "tabrcandroid": {
    "font_size": 115,
    "isForked": false
  },
  "wType": "RadioButtonGroup",
  "windows8": {
    "font_size": 115,
    "isForked": false
  },
  "winphone8": {
    "font_size": 115,
    "isForked": false
  }
}