{
  "android": {
    "font_size": 100,
    "isForked": false
  },
  "background_color": "00000000",
  "bg_type": "one",
  "border_color": "424242ff",
  "border_style": "plain",
  "border_type": 0,
  "border_width": 0,
  "desktopweb": {
    "font_size": 100,
    "isForked": false
  },
  "fontSizeInPx": false,
  "font_color": "424242ff",
  "font_name": "Helvetica",
  "font_size": 100,
  "font_style": "normal",
  "font_weight": "normal",
  "ipad": {
    "font_size": 100,
    "isForked": false
  },
  "iphone": {
    "font_size": 100,
    "isForked": false
  },
  "isDefaultSkin": false,
  "kiosk": {
    "font_size": 100,
    "isForked": false
  },
  "kuid": "sca6fd19033642b3ac7d9c26ef2991e7",
  "spaan": {
    "font_size": 100,
    "isForked": false
  },
  "spaandroidtablet": {
    "font_size": 100,
    "isForked": false
  },
  "spabb": {
    "font_size": 100,
    "isForked": false
  },
  "spaip": {
    "font_size": 100,
    "isForked": false
  },
  "spaipad": {
    "font_size": 100,
    "isForked": false
  },
  "spawindowstablet": {
    "font_size": 100,
    "isForked": false
  },
  "spawinphone8": {
    "font_size": 100,
    "isForked": false
  },
  "tabrcandroid": {
    "font_size": 100,
    "isForked": false
  },
  "wType": "RichText",
  "windows8": {
    "font_size": 100,
    "isForked": false
  },
  "winphone8": {
    "font_size": 100,
    "isForked": false
  }
}