{
  "name" : "reusableGoogleLogin",
  "displayName" : "reusableGoogleLogin",
  "type" : "oauth2",
  "version" : "1.0",
  "metaPreference" : -1,
  "config" : "{\"client_authentication\":{\"authentication_scheme\":\"header\",\"client_secret\":\"FLAx4ReDgRG4cpDhUCKD-ylV\",\"client_id\":\"1015933504611-0uen8u1jrf2cl4fti879h97pfhojf4s5.apps.googleusercontent.com\"},\"authentication_scheme\":\"header\",\"additional_data\":{\"refresh_request\":[],\"profile_request\":[],\"authorize_request\":[],\"token_request\":[]},\"scope\":\"openid email profile\",\"auth_type\":\"oauth2\",\"logout_url\":\"https://accounts.google.com/logout\",\"token_endpoint\":\"https://www.googleapis.com/oauth2/v4/token\",\"oauthProviderType\":\"google\",\"authorization_endpoint\":\"https://accounts.google.com/o/oauth2/v2/auth\",\"profile\":{\"request_method\":\"GET\",\"profile_attribute_selectors\":{\"first_name\":\"given_name\",\"display_name\":\"name\",\"email\":\"email\",\"federation_id\":\"sub\",\"last_name\":\"family_name\",\"custom_profile_attribute_selectors\":{}},\"endpoint\":{\"selector\":\"userinfo_endpoint\",\"location\":\"url\",\"value\":\"https://accounts.google.com/.well-known/openid-configuration\",\"type\":\"indirect\"}}}",
  "policyConfig" : "{\"max_login_fail\":5,\"def_user_status\":\"pending\"}",
  "admissionPolicy" : "no_approval_needed",
  "ssoenabled" : false
}