{
    "AS_AppEvents_c386f1f9c6ea41458ac6410eabee7284": {
        "id": "AS_AppEvents_c386f1f9c6ea41458ac6410eabee7284",
        "type": "ACTION_SEQUENCE",
        "actions": [{
            "id": "ADD_SNIPPET__6e6a045d30154454be84a1978ed5a073",
            "type": "ADD_SNIPPET",
            "codeSnippet": "setPinFromFilePathAirPort();\nif(kony.os.deviceInfo().name == \"iPhone\" || kony.os.deviceInfo().name == \"iPhone Simulator\" || kony.os.deviceInfo().name == \"iPad\" || kony.os.deviceInfo().name==\"iPad Simulator\"  )\n{\n  kony.print(\"@# the device is iphone\");\n  //frmShowDistanceIphone.show();\n  //kony.application.showLoadingScreen(\"loadingscreen\",\"Searching...\",constants.LOADING_SCREEN_POSITION_ONLY_CENTER, false, true,{shouldShowLabelInBottom :true,separatorHeight:30});\n}\t",
            "parentId": null,
            "callbackType": null
        }]
    }
}