{
    "AS_Button_5a8e250b997d4fac88e25d501a8bfade": {
        "id": "AS_Button_5a8e250b997d4fac88e25d501a8bfade",
        "type": "ACTION_SEQUENCE",
        "language": "js",
        "actions": [{
            "id": "NAVIGATE_TO_FORM__ide_onClick_80921e773de44c57aebf802d83b4c9d8",
            "type": "NAVIGATE_TO_FORM",
            "formId": "frmMyRouteSearch",
            "formKUID": "1a95c7eda56d467a8c36472ebccda93c",
            "mappings": {},
            "mappingsOrder": [],
            "parentId": "",
            "callbackType": null,
            "enableMappingEditor": true
        }]
    }
}