{
    "AS_Button_ae9aa026d3da4f8881169a512a3a5612": {
        "id": "AS_Button_ae9aa026d3da4f8881169a512a3a5612",
        "type": "ACTION_SEQUENCE",
        "language": "js",
        "actions": [{
            "id": "NAVIGATE_TO_FORM___02e998e69d0743b8a8aeafa1f2ed1a24",
            "type": "NAVIGATE_TO_FORM",
            "formId": "frmMyRouteSearch",
            "formKUID": "1a95c7eda56d467a8c36472ebccda93c",
            "mappings": {},
            "mappingsOrder": [],
            "parentId": "",
            "callbackType": null,
            "enableMappingEditor": true
        }]
    }
}