{
    "AS_Button_a60795e1278f4604bf5c881dcc66783d": {
        "id": "AS_Button_a60795e1278f4604bf5c881dcc66783d",
        "type": "ACTION_SEQUENCE",
        "language": "js",
        "actions": [{
            "id": "NAVIGATE_TO_FORM___17d769645bf3494891eef0e4cdb90e36",
            "type": "NAVIGATE_TO_FORM",
            "formId": "frmShowDistanceIphone",
            "formKUID": "cbeab831677d453db89928d9db4b3b1f",
            "mappings": {},
            "mappingsOrder": [],
            "parentId": "",
            "callbackType": null,
            "enableMappingEditor": true
        }]
    }
}