{
    "AS_Button_0189e6ed80384ed39e53edb8bcf331f0": {
        "id": "AS_Button_0189e6ed80384ed39e53edb8bcf331f0",
        "type": "ACTION_SEQUENCE",
        "language": "js",
        "actions": [{
            "id": "NAVIGATE_TO_FORM___d95402702e464076bbf5762fe11b31fe",
            "type": "NAVIGATE_TO_FORM",
            "formKUID": "dab1c0c14eda40048dc269d484fdf5fc",
            "mappings": {},
            "mappingsOrder": [],
            "parentId": "",
            "callbackType": null,
            "enableMappingEditor": true
        }]
    }
}