{
    "AS_Button_ae9aa026d3da4f8881169a512a3a5612": {
        "id": "AS_Button_ae9aa026d3da4f8881169a512a3a5612",
        "type": "ACTION_SEQUENCE",
        "actions": [{
            "id": "NAVIGATE_TO_FORM___02e998e69d0743b8a8aeafa1f2ed1a24",
            "type": "NAVIGATE_TO_FORM",
            "formKUID": "6a9343734b4d4c2aa00044835e3d53be",
            "mappings": {},
            "mappingsOrder": [],
            "parentId": "",
            "callbackType": null,
            "enableMappingEditor": true
        }]
    }
}