{
    "AS_Button_2fca26c1ee9e4848aee40d97347a862c": {
        "id": "AS_Button_2fca26c1ee9e4848aee40d97347a862c",
        "type": "ACTION_SEQUENCE",
        "language": "js",
        "actions": [{
            "id": "NAVIGATE_TO_FORM___c7f2df88ce6b463caf661c01e0cad813",
            "type": "NAVIGATE_TO_FORM",
            "formId": "frmMyRouteSearch",
            "formKUID": "1a95c7eda56d467a8c36472ebccda93c",
            "mappings": {},
            "mappingsOrder": [],
            "parentId": "",
            "callbackType": null,
            "enableMappingEditor": true
        }]
    }
}