{
    "AS_Button_19fa63a7e10544b693b82ea329b98211": {
        "id": "AS_Button_19fa63a7e10544b693b82ea329b98211",
        "type": "ACTION_SEQUENCE",
        "actions": [{
            "id": "NAVIGATE_TO_FORM__ide_onClick_69166935907b49bea7bd24e804c14e2b",
            "type": "NAVIGATE_TO_FORM",
            "formId": "frmMyRouteSearch",
            "formKUID": "1a95c7eda56d467a8c36472ebccda93c",
            "mappings": {},
            "mappingsOrder": [],
            "parentId": "",
            "callbackType": null,
            "enableMappingEditor": true
        }]
    }
}