{
    "AS_Button_7b0a2c7f82ae4613a6c290d5873d2523": {
        "id": "AS_Button_7b0a2c7f82ae4613a6c290d5873d2523",
        "type": "ACTION_SEQUENCE",
        "language": "js",
        "actions": [{
            "id": "NAVIGATE_TO_FORM___30bb51afd23342c7a888eefb90e44680",
            "type": "NAVIGATE_TO_FORM",
            "formId": "frmMyRouteSearch",
            "formKUID": "1a95c7eda56d467a8c36472ebccda93c",
            "mappings": {},
            "mappingsOrder": [],
            "parentId": "",
            "callbackType": null,
            "enableMappingEditor": true
        }]
    }
}