{
    "AS_Button_7e954cd8551d4b5398b2c306e31c77b9": {
        "id": "AS_Button_7e954cd8551d4b5398b2c306e31c77b9",
        "type": "ACTION_SEQUENCE",
        "language": "js",
        "actions": [{
            "id": "NAVIGATE_TO_FORM___0eb6511bc177433f8d1158d89b49f900",
            "type": "NAVIGATE_TO_FORM",
            "formId": "frmMyRouteSearch",
            "formKUID": "1a95c7eda56d467a8c36472ebccda93c",
            "mappings": {},
            "mappingsOrder": [],
            "parentId": "",
            "callbackType": null,
            "enableMappingEditor": true
        }]
    }
}