{
    "AS_Button_77c8104a6dbe48f09c8c32eb71f59629": {
        "id": "AS_Button_77c8104a6dbe48f09c8c32eb71f59629",
        "type": "ACTION_SEQUENCE",
        "language": "js",
        "actions": [{
            "id": "NAVIGATE_TO_FORM___8a2b9a4681b44e93b0515eebb498acd0",
            "type": "NAVIGATE_TO_FORM",
            "formId": "frmMyRouteSearch",
            "formKUID": "1a95c7eda56d467a8c36472ebccda93c",
            "mappings": {},
            "mappingsOrder": [],
            "parentId": "",
            "callbackType": null,
            "enableMappingEditor": true
        }]
    }
}