{
    "AS_Form_2efcf7ce931a49db89f4d06ba2cc69c5": {
        "id": "AS_Form_2efcf7ce931a49db89f4d06ba2cc69c5",
        "type": "ACTION_SEQUENCE",
        "actions": [{
            "id": "ADD_SNIPPET__f53acbae573b44d183877e31873f27d2",
            "type": "ADD_SNIPPET",
            "codeSnippet": "setPinFromFilePathAirPort();\nfrmRouteSearch.flxscrlContainer.opacity = 0 ;\n\nfrmRouteSearch.mapRouteSearch.screenLevelWidget = false;\nsearchRoutes_Mine();\n",
            "parentId": null,
            "callbackType": null
        }]
    }
}