{
    "AS_Form_cca481983e9f48b49713695249c2048e": {
        "id": "AS_Form_cca481983e9f48b49713695249c2048e",
        "type": "ACTION_SEQUENCE",
        "language": "js",
        "actions": [{
            "id": "ADD_SNIPPET_ide_preShow_74f6633963d44f8c968e8e690dc433da",
            "type": "ADD_SNIPPET",
            "codeSnippet": "setPinFromFilePathAirPort();\nfrmRouteSearch.flxscrlContainer.opacity = 0 ;\n\nfrmRouteSearch.mapRouteSearch.screenLevelWidget = false;\nsearchRoutes_Mine();\n",
            "callbackType": null
        }]
    }
}