{
    "AS_Form_8e3d2bea29ce453693e3e49cb23d3365": {
        "id": "AS_Form_8e3d2bea29ce453693e3e49cb23d3365",
        "type": "ACTION_SEQUENCE",
        "language": "js",
        "actions": [{
            "id": "ADD_SNIPPET__c25bea86c0e347dbbbecb2a41e9b2e98",
            "type": "ADD_SNIPPET",
            "codeSnippet": "frmDrawCircle.mapDrawCircle.calloutTemplate=Flextemp;\nfrmDrawCircle.mapDrawCircle.widgetDataMapForCallout = {\"lbl1\": \"lbl1\"};\nfrmDrawCircle.mapDrawCircle.defaultPinImage={\nsource:\"pin6.png\",sourceType :kony.map.PIN_IMG_SRC_TYPE_RESOURCES,\nanchor : kony.map.PIN_IMG_ANCHOR_TOP_LEFT\n}\nfrmDrawCircle.mapDrawCircle.locationData = [ \n\t\t{\n\t\t\tlat:\"17.447326\",lon:\"78.371358\",name:\"KonyLabs(new)\",showCallout:true,calloutData:{lbl1:{text:\"konylabs.com(new)\"}}},\n\t\t{\n\t\t\tlat:\"17.441839\", lon:\"78.380928\", name:\"KonyLabs(old)\",showCallout:true,calloutData:{btn1:{lbl1:\"konylabs.com(old)\"}}}\n\t];\n",
            "parentId": null,
            "callbackType": null
        }]
    }
}