{
    "AS_Form_7cd5a52749f44cb39435e1075f492e5d": {
        "id": "AS_Form_7cd5a52749f44cb39435e1075f492e5d",
        "type": "ACTION_SEQUENCE",
        "language": "js",
        "actions": [{
            "id": "INVOKE_FUNCTION___4a664a75d9e2459cb2f76718520871de",
            "type": "INVOKE_FUNCTION",
            "sequenceKUID": "searchRoutesOnSelection",
            "display": "searchRoutesOnSelection",
            "inputparams": [],
            "parentId": null,
            "callbackType": null
        }]
    }
}