{
    "AS_FlexScrollContainer_d71af3f670b34777b660bd220a61414c": {
        "id": "AS_FlexScrollContainer_d71af3f670b34777b660bd220a61414c",
        "type": "ACTION_SEQUENCE",
        "language": "js",
        "actions": [{
            "id": "ADD_SNIPPET__20ad46608ebc4a59967b17a145bdd43d",
            "type": "ADD_SNIPPET",
            "codeSnippet": "kony.print(\"@@@@ in onScrollStart\");\nrouteColors = [\"0000FFFF\", \"FF00FFFF\", \"FF0000FF\", \"FFFF00FF\", \"0x000000FF\"];\nlblName = 0;\nlblPropName = 0;\nhbxId = 0;\n\nfunction createRouteHbox(propertyName, propertyVal) {\n    var propName = new kony.ui.Label({\n        \"id\": \"lblId\" + lblName,\n        \"isVisible\": true,\n        \"text\": propertyName,\n        \"skin\": \"lblSkn2\"\n    }, {\n        \"widgetAlignment\": constants.WIDGET_ALIGN_CENTER,\n        \"vExpand\": false,\n        \"hExpand\": true,\n        \"margin\": [0, 0, 0, 0],\n        \"padding\": [1, 1, 1, 1],\n        \"contentAlignment\": constants.CONTENT_ALIGN_MIDDLE_LEFT,\n        \"marginInPixel\": false,\n        \"paddingInPixel\": false,\n        \"containerWeight\": 40\n    }, {});\n    var propVal = new kony.ui.Label({\n        \"id\": \"lblIdVal\" + lblPropName,\n        \"isVisible\": true,\n        \"text\": propertyVal,\n        \"skin\": \"lblSkn8\"\n    }, {\n        \"widgetAlignment\": constants.WIDGET_ALIGN_CENTER,\n        \"vExpand\": false,\n        \"hExpand\": true,\n        \"margin\": [0, 0, 0, 0],\n        \"padding\": [1, 1, 1, 1],\n        \"contentAlignment\": constants.CONTENT_ALIGN_MIDDLE_LEFT,\n        \"marginInPixel\": false,\n        \"paddingInPixel\": false,\n        \"containerWeight\": 60\n    }, {});\n    var hboxProp = new kony.ui.Box({\n        \"id\": \"hboxId\" + hbxId,\n        \"isVisible\": true,\n        \"position\": constants.BOX_POSITION_AS_NORMAL,\n        \"orientation\": constants.BOX_LAYOUT_HORIZONTAL\n    }, {\n        \"containerWeight\": 11,\n        \"percent\": true,\n        \"widgetAlignment\": constants.WIDGET_ALIGN_TOP_LEFT,\n        \"margin\": [5, 0, 0, 0],\n        \"padding\": [0, 0, 0, 0],\n        \"vExpand\": false,\n        \"marginInPixel\": false,\n        \"paddingInPixel\": false,\n        \"layoutType\": constants.CONTAINER_LAYOUT_BOX\n    }, {});\n    hboxProp.add(propName, propVal);\n    frmRouteSearch.flxScrlOverlay.vboxInfo.add(hboxProp);\n    lblName++;\n    lblPropName++;\n    hbxId++;\n}\n\nfunction createLegHbox(propertyName, propertyVal) {\n    var propName = new kony.ui.Label({\n        \"id\": \"lblId\" + lblName,\n        \"isVisible\": true,\n        \"text\": propertyName,\n        \"skin\": \"lblSkn2\"\n    }, {\n        \"widgetAlignment\": constants.WIDGET_ALIGN_CENTER,\n        \"vExpand\": false,\n        \"hExpand\": true,\n        \"margin\": [0, 0, 0, 0],\n        \"padding\": [1, 1, 1, 1],\n        \"contentAlignment\": constants.CONTENT_ALIGN_MIDDLE_LEFT,\n        \"marginInPixel\": false,\n        \"paddingInPixel\": false,\n        \"containerWeight\": 40\n    }, {});\n    var propVal = new kony.ui.Label({\n        \"id\": \"lblIdVal\" + lblPropName,\n        \"isVisible\": true,\n        \"text\": propertyVal,\n        \"skin\": \"lblSkn9\"\n    }, {\n        \"widgetAlignment\": constants.WIDGET_ALIGN_CENTER,\n        \"vExpand\": false,\n        \"hExpand\": true,\n        \"margin\": [0, 0, 0, 0],\n        \"padding\": [1, 1, 1, 1],\n        \"contentAlignment\": constants.CONTENT_ALIGN_MIDDLE_LEFT,\n        \"marginInPixel\": false,\n        \"paddingInPixel\": false,\n        \"containerWeight\": 60\n    }, {});\n    var hboxProp = new kony.ui.Box({\n        \"id\": \"hboxId\" + hbxId,\n        \"isVisible\": true,\n        \"position\": constants.BOX_POSITION_AS_NORMAL,\n        \"orientation\": constants.BOX_LAYOUT_HORIZONTAL\n    }, {\n        \"containerWeight\": 11,\n        \"percent\": true,\n        \"widgetAlignment\": constants.WIDGET_ALIGN_TOP_LEFT,\n        \"margin\": [10, 0, 0, 0],\n        \"padding\": [0, 0, 0, 0],\n        \"vExpand\": false,\n        \"marginInPixel\": false,\n        \"paddingInPixel\": false,\n        \"layoutType\": constants.CONTAINER_LAYOUT_BOX\n    }, {});\n    hboxProp.add(propName, propVal);\n    frmRouteSearch.flxScrlOverlay.vboxInfo.add(hboxProp);\n    lblName++;\n    lblPropName++;\n    hbxId++;\n}\n\nfunction createStepHbox(propertyName, propertyVal) {\n    var propName = new kony.ui.Label({\n        \"id\": \"lblId\" + lblName,\n        \"isVisible\": true,\n        \"text\": propertyName,\n        \"skin\": \"lblSkn2\"\n    }, {\n        \"widgetAlignment\": constants.WIDGET_ALIGN_CENTER,\n        \"vExpand\": false,\n        \"hExpand\": true,\n        \"margin\": [0, 0, 0, 0],\n        \"padding\": [1, 1, 1, 1],\n        \"contentAlignment\": constants.CONTENT_ALIGN_MIDDLE_LEFT,\n        \"marginInPixel\": false,\n        \"paddingInPixel\": false,\n        \"containerWeight\": 40\n    }, {});\n    var propVal = new kony.ui.Label({\n        \"id\": \"lblIdVal\" + lblPropName,\n        \"isVisible\": true,\n        \"text\": propertyVal,\n        \"skin\": \"lblSkn10\"\n    }, {\n        \"widgetAlignment\": constants.WIDGET_ALIGN_CENTER,\n        \"vExpand\": false,\n        \"hExpand\": true,\n        \"margin\": [0, 0, 0, 0],\n        \"padding\": [1, 1, 1, 1],\n        \"contentAlignment\": constants.CONTENT_ALIGN_MIDDLE_LEFT,\n        \"marginInPixel\": false,\n        \"paddingInPixel\": false,\n        \"containerWeight\": 60\n    }, {});\n    var hboxProp = new kony.ui.Box({\n        \"id\": \"hboxId\" + hbxId,\n        \"isVisible\": true,\n        \"position\": constants.BOX_POSITION_AS_NORMAL,\n        \"orientation\": constants.BOX_LAYOUT_HORIZONTAL\n    }, {\n        \"containerWeight\": 11,\n        \"percent\": true,\n        \"widgetAlignment\": constants.WIDGET_ALIGN_TOP_LEFT,\n        \"margin\": [15, 0, 0, 0],\n        \"padding\": [0, 0, 0, 0],\n        \"vExpand\": false,\n        \"marginInPixel\": false,\n        \"paddingInPixel\": false,\n        \"layoutType\": constants.CONTAINER_LAYOUT_BOX\n    }, {});\n    hboxProp.add(propName, propVal);\n    frmRouteSearch.flxScrlOverlay.vboxInfo.add(hboxProp);\n    lblName++;\n    lblPropName++;\n    hbxId++;\n}\n\nfunction displySearchRoutes(Searchroutes) {\n    //frmSearchRoutesResults.destroy();\n    // alert(\"routes :\" +Searchroutes.length);\n    kony.application.showLoadingScreen(\"formskin\", \"LoadingScreen\", constants.\n    LOADING_SCREEN_POSITION_ONLY_CENTER, false, true, {\n        enableMenuKey: true,\n        enableBackKey: true,\n        progressIndicatorColor: \"ffffff77\"\n    })\n    var routeCount = new kony.ui.Label({\n        \"id\": \"routeNo\",\n        \"isVisible\": true,\n        \"text\": Searchroutes.length,\n        \"skin\": \"lblSkn5\"\n    }, {\n        \"widgetAlignment\": constants.WIDGET_ALIGN_CENTER,\n        \"vExpand\": false,\n        \"hExpand\": true,\n        \"margin\": [0, 0, 0, 0],\n        \"padding\": [1, 1, 1, 1],\n        \"contentAlignment\": constants.CONTENT_ALIGN_MIDDLE_LEFT,\n        \"marginInPixel\": false,\n        \"paddingInPixel\": false,\n        \"containerWeight\": 40\n    }, {});\n    frmRouteSearch.flxScrlOverlay.vboxInfo.add(routeCount);\n    for (var i = 0; i < Searchroutes.length; i++) //routes Info\n    {\n        var routeId = new kony.ui.Label({\n            \"id\": \"route\" + i,\n            \"isVisible\": true,\n            \"text\": \"Route\" + (i + 1),\n            \"skin\": \"lblSkn3\"\n        }, {\n            \"widgetAlignment\": constants.WIDGET_ALIGN_CENTER,\n            \"vExpand\": false,\n            \"hExpand\": true,\n            \"margin\": [0, 0, 0, 0],\n            \"padding\": [1, 1, 1, 1],\n            \"contentAlignment\": constants.CONTENT_ALIGN_MIDDLE_LEFT,\n            \"marginInPixel\": false,\n            \"paddingInPixel\": false,\n            \"containerWeight\": 40\n        }, {});\n        frmRouteSearch.flxScrlOverlay.vboxInfo.add(routeId);\n        createRouteHbox(\"startLocation\", Searchroutes[i].startLocation);\n        createRouteHbox(\"endLocation\", Searchroutes[i].endLocation);\n        createRouteHbox(\"distance\", Searchroutes[i].distance);\n        createRouteHbox(\"duration\", Searchroutes[i].duration);\n        if (kony.os.deviceInfo().name == \"android\") {\n            createRouteHbox(\"copyrights\", Searchroutes[i].copyrights);\n            createRouteHbox(\"warnings\", Searchroutes[i].warnings);\n        }\n        if (kony.os.deviceInfo().name == \"iPhone\" || kony.os.deviceInfo().name == \"iPad\") {\n            createRouteHbox(\"name\", Searchroutes[i].name);\n            createRouteHbox(\"advisoryNotices\", Searchroutes[i].advisoryNotices);\n        }\n        if (kony.os.deviceInfo().name == \"WindowsPhone\") {\n            createRouteHbox(\"HasBlockedRoads\", Searchroutes[i].HasBlockedRoads);\n            createRouteHbox(\"IsTrafficBased\", Searchroutes[i].IsTrafficBased);\n        }\n        var legsLegth = Searchroutes[i].legs.length;\n        //   alert(Searchroutes[i].legs);\n        for (var j = 0; j < legsLegth; j++) //Legs Info\n        {\n            var LegId = new kony.ui.Label({\n                \"id\": \"route\" + i + j,\n                \"isVisible\": true,\n                \"text\": \"Leg\" + (j + 1),\n                \"skin\": \"lblSKn7\"\n            }, {\n                \"widgetAlignment\": constants.WIDGET_ALIGN_CENTER,\n                \"vExpand\": false,\n                \"hExpand\": true,\n                \"margin\": [5, 0, 0, 0],\n                \"padding\": [1, 1, 1, 1],\n                \"contentAlignment\": constants.CONTENT_ALIGN_MIDDLE_LEFT,\n                \"marginInPixel\": false,\n                \"paddingInPixel\": false,\n                \"containerWeight\": 40\n            }, {});\n            frmRouteSearch.flxScrlOverlay.vboxInfo.add(LegId);\n            createLegHbox(\"startLocation\", Searchroutes[i].legs[j].startLocation);\n            createLegHbox(\"endLocation\", Searchroutes[i].legs[j].endLocation);\n            createLegHbox(\"distance\", Searchroutes[i].legs[j].distance);\n            createLegHbox(\"duration\", Searchroutes[i].legs[j].duration);\n            if (kony.os.deviceInfo().name == \"android\") {\n                createLegHbox(\"durationInTraffic\", Searchroutes[i].legs[j].durationInTraffic);\n                createLegHbox(\"arrivalTime\", Searchroutes[i].legs[j].arrivalTime);\n                createLegHbox(\"departureTime\", Searchroutes[i].legs[j].departureTime);\n                createLegHbox(\"startAddress\", Searchroutes[i].legs[j].startAddress);\n                createLegHbox(\"endAddress\", Searchroutes[i].legs[j].endAddress);\n            }\n            var stepssLegth = Searchroutes[i].legs[j].steps.length;\n            for (var k = 0; k < stepssLegth; k++) {\n                var stepsNo = new kony.ui.Label({\n                    \"id\": \"steps\" + i + j + k,\n                    \"isVisible\": true,\n                    \"text\": \"Step\" + (k + 1),\n                    \"skin\": \"lblSkn4\"\n                }, {\n                    \"widgetAlignment\": constants.WIDGET_ALIGN_CENTER,\n                    \"vExpand\": false,\n                    \"hExpand\": true,\n                    \"margin\": [10, 0, 0, 0],\n                    \"padding\": [1, 1, 1, 1],\n                    \"contentAlignment\": constants.CONTENT_ALIGN_MIDDLE_LEFT,\n                    \"marginInPixel\": false,\n                    \"paddingInPixel\": false,\n                    \"containerWeight\": 40\n                }, {});\n                frmRouteSearch.flxScrlOverlay.vboxInfo.add(stepsNo);\n                createStepHbox(\"startLocation\", Searchroutes[i].legs[j].steps[k].startLocation);\n                createStepHbox(\"endLocation\", Searchroutes[i].legs[j].steps[k].endLocation);\n                createStepHbox(\"distance\", Searchroutes[i].legs[j].steps[k].distance);\n                createStepHbox(\"transportMode\", Searchroutes[i].legs[j].steps[k].transportMode);\n                createStepHbox(\"instruction\", Searchroutes[i].legs[j].steps[k].instruction);\n                if (kony.os.deviceInfo().name == \"android\") {\n                    createStepHbox(\"duration\", Searchroutes[i].legs[j].steps[k].duration);\n                    //createStepHbox(\"encodedPolylinePoints\" , Searchroutes[i].legs[j].steps[k].encodedPolylinePoints); \n                }\n                if (kony.os.deviceInfo().name == \"iPhone\" || kony.os.deviceInfo().name == \"iPad\") {\n                    createStepHbox(\"notice\", Searchroutes[i].legs[j].steps[k].notice);\n                }\n                if (kony.os.deviceInfo().name == \"WindowsPhone\") {\n                    createStepHbox(\"duration\", Searchroutes[i].legs[j].steps[k].duration);\n                    createStepHbox(\"startHeading\", Searchroutes[i].legs[j].steps[k].startHeading);\n                    createStepHbox(\"endHeading\", Searchroutes[i].legs[j].steps[k].endHeading);\n                    createStepHbox(\"streetName\", Searchroutes[i].legs[j].steps[k].streetName);\n                }\n            }\n        }\n        drawRoute(\"route\" + i, Searchroutes[i].polylinePoints, routeColors[i]);\n    }\n    kony.application.dismissLoadingScreen();\n    frmSearchRoutesResults.show();\n}",
            "parentId": null,
            "callbackType": null
        }]
    }
}