{
    "AS_Form_0e60498d36b84201b76265f4e949880a": {
        "id": "AS_Form_0e60498d36b84201b76265f4e949880a",
        "type": "ACTION_SEQUENCE",
        "language": "js",
        "actions": [{
            "id": "ADD_SNIPPET__6f1f887683814609a6cb32cc0941d886",
            "type": "ADD_SNIPPET",
            "codeSnippet": "frmRouteSearch.mapRouteSearch.onClick = onRouteMapClick;\nfrmRouteSearch.flxscrlContainer.top = \"90%\";\nfrmRouteSearch.flxscrlContainer.forceLayout();\nfrmRouteSearch.forceLayout();",
            "parentId": null,
            "callbackType": null
        }]
    }
}