{
    "AS_FlexScrollContainer_daea3b7394b844948b8c3c22cba81c49": {
        "id": "AS_FlexScrollContainer_daea3b7394b844948b8c3c22cba81c49",
        "type": "ACTION_SEQUENCE",
        "actions": [{
            "id": "ADD_SNIPPET_ide_onTouchStart_dd35492f58924148be3b8fe366ecb0d7",
            "type": "ADD_SNIPPET",
            "codeSnippet": "//animateDirection();\n\nfunction animationBtoT()\n{\n\tvar animDefinition = \n\t{       \n       100 : \n\t   {\n         \"top\":\"0%\"        \n       }\n    } ;\n\tbtot = kony.ui.createAnimation(animDefinition);\n\treturn btot;\n}\n\nfunction animationTtoB()\n{\n\tvar animDefinition = \n\t{       \n       100 : \n\t   {\n         \"top\":\"90%\"         \n       }\n    } ;\n\tttob = kony.ui.createAnimation(animDefinition);\n\treturn ttob;\n}\n\nfunction animateDirection()\n{\n\tvar topPosition = frmRouteSearch.flxscrlContainer.top;\n\tkony.print(\"@@@@ topPosition is : \" + topPosition);\n\t\n\tif(topPosition == \"90%\") {\n\t\tfrmRouteSearch.flxscrlContainer.animate(animationBtoT(), animConfigBtoT(), {});\n\t}\n\telse {\n\t\tfrmRouteSearch.flxscrlContainer.animate(animationTtoB(), animConfigTtoB(), {});\n\t}\n}\n\nfunction animConfigBtoT(){\n var config = {\n    \"duration\":2,\n   \t\"fillMode\":kony.anim.FILL_MODE_FORWARDS\n };\n return config;\n}\n\nfunction animConfigTtoB(){\n var config = {\n    \"duration\":2,\n   \t\"fillMode\":kony.anim.FILL_MODE_FORWARDS\n };\n return config;\n}\n",
            "callbackType": null
        }]
    }
}