{
    "AS_Map_92970580a88e4179931bf9bb46348ea1": {
        "id": "AS_Map_92970580a88e4179931bf9bb46348ea1",
        "type": "ACTION_SEQUENCE",
        "language": "js",
        "actions": [{
            "id": "ADD_SNIPPET__fd369bf6bb704d9b922849737906d60c",
            "type": "ADD_SNIPPET",
            "codeSnippet": "kony.print(\"@@@@ in onClick of map \");\nfrmRouteSearch.mapRouteSearch.onClick = onRouteMapClick;\n",
            "parentId": null,
            "callbackType": null
        }]
    }
}