{
    "AS_RadioButtonGroup_8a7ae0f9a4c24551a57b7d5cfbce5b96": {
        "id": "AS_RadioButtonGroup_8a7ae0f9a4c24551a57b7d5cfbce5b96",
        "type": "ACTION_SEQUENCE",
        "params": [{
            "datatype": "collection",
            "name": "eventobject"
        }],
        "contextObj": {
            "name": "frmShowDistanceIphone",
            "type": "forms",
            "platform": "",
            "KUID": "cbeab831677d453db89928d9db4b3b1f"
        },
        "actions": [{
            "id": "ADD_SNIPPET__15312bf4cb5f470392706fdfda192f0b",
            "type": "ADD_SNIPPET",
            "codeSnippet": null,
            "parentId": null,
            "callbackType": null
        }]
    }
}