{
    "AS_RadioButtonGroup_2b8fe91fdb1c4b58bf4b46e4f51c203c": {
        "id": "AS_RadioButtonGroup_2b8fe91fdb1c4b58bf4b46e4f51c203c",
        "type": "ACTION_SEQUENCE",
        "params": [{
            "datatype": "collection",
            "name": "eventobject"
        }],
        "contextObj": {
            "name": "frmShowDistanceIphone",
            "type": "forms",
            "platform": null,
            "KUID": "cbeab831677d453db89928d9db4b3b1f"
        },
        "language": "js",
        "actions": []
    }
}