{
    "AS_RadioButtonGroup_878be6b90d4c482a8998438eed13a97f": {
        "id": "AS_RadioButtonGroup_878be6b90d4c482a8998438eed13a97f",
        "type": "ACTION_SEQUENCE",
        "params": [{
            "datatype": "collection",
            "name": "eventobject"
        }],
        "contextObj": {
            "name": "frmShowDistanceIphone",
            "type": "forms",
            "platform": null,
            "KUID": "cbeab831677d453db89928d9db4b3b1f"
        },
        "language": "js",
        "actions": []
    }
}