{
    "@class": "com.kony.gen.viz.model.component.KVizLabel",
    "DNDConfig": null,
    "__parentReadjusting__": false,
    "_height_": {
        "type": "ref",
        "value": "preferred"
    },
    "_left_": {
        "type": "string",
        "value": "43dp"
    },
    "_margin_": [
        1,
        1,
        1,
        1
    ],
    "_padding_": [
        0,
        0,
        0,
        0
    ],
    "_render_": true,
    "_skin_": "s8186fd1fbf64f44a7c282d550f38e8d",
    "_text_": "Label",
    "_top_": {
        "type": "string",
        "value": "24dp"
    },
    "_width_": {
        "type": "ref",
        "value": "preferred"
    },
    "_wrapping_": 2,
    "canUpdateUI": true,
    "containerId": true,
    "containerweight": 100,
    "contentalignment": 4,
    "enabled": false,
    "id": "lbl1",
    "info": null,
    "ipad": {
        "psp": {
            "wrapping": 2
        }
    },
    "iphone": {
        "psp": {
            "wrapping": 2
        }
    },
    "isSegmentChild": false,
    "isvisible": true,
    "kuid": "a00a7a416c634e7fa8982cfaaffaed12",
    "name": "kony.ui.Label",
    "parent": "Flextemp",
    "pf": "mapTemplate",
    "tooltip": "",
    "wType": "Label",
    "widgetalignment": 5
}