{
    "@class": "com.kony.gen.viz.model.component.KVizButton",
    "DNDConfig": null,
    "__parentReadjusting__": false,
    "_enabled_": false,
    "_height_": {
        "type": "string",
        "value": "8%"
    },
    "_left_": {
        "type": "string",
        "value": "20%"
    },
    "_margin_": [
        6,
        6,
        6,
        6
    ],
    "_padding_": [
        0,
        0,
        0,
        0
    ],
    "_render_": true,
    "_right_": {
        "type": "string",
        "value": "20%"
    },
    "_skin_": "sd74bf02654d44c1b8aa946f512cc5a7",
    "_text_": "My Route Search",
    "_top_": {
        "type": "string",
        "value": "46%"
    },
    "_width_": {
        "type": "string",
        "value": "60%"
    },
    "canUpdateUI": true,
    "containerweight": 100,
    "contentalignment": 5,
    "displaytext": true,
    "focusskin": "s0b0cf5547094073a87657f3731676d6",
    "id": "btnAddCircle",
    "ide_onClick": "AS_Button_a60795e1278f4604bf5c881dcc66783d",
    "info": null,
    "isvisible": true,
    "kuid": "0aa33f78e32e4c84af3d9a88a2a9ccb3",
    "name": "kony.ui.Button",
    "onclick": "AS_Button_a60795e1278f4604bf5c881dcc66783d",
    "parent": "flxFunctionList",
    "pf": "frmFeatures",
    "wType": "Button",
    "widgetalignment": 5
}