{
    "@class": "com.kony.gen.viz.model.component.KVizButton",
    "DNDConfig": null,
    "__parentReadjusting__": false,
    "_enabled_": false,
    "_height_": {
        "type": "string",
        "value": "8%"
    },
    "_left_": {
        "type": "string",
        "value": "20%"
    },
    "_margin_": [
        6,
        6,
        6,
        6
    ],
    "_padding_": [
        0,
        0,
        0,
        0
    ],
    "_render_": true,
    "_right_": {
        "type": "string",
        "value": "20%"
    },
    "_skin_": "sd74bf02654d44c1b8aa946f512cc5a7",
    "_text_": "Pin Customization",
    "_top_": {
        "type": "string",
        "value": "18%"
    },
    "_width_": {
        "type": "string",
        "value": "60%"
    },
    "canUpdateUI": true,
    "containerweight": 100,
    "contentalignment": 5,
    "displaytext": true,
    "focusskin": "s0b0cf5547094073a87657f3731676d6",
    "id": "btnCustomPin",
    "ide_onClick": "AS_Button_77c8104a6dbe48f09c8c32eb71f59629",
    "info": null,
    "isvisible": true,
    "kuid": "87e7641d135e464cbe17e1ed2777182c",
    "name": "kony.ui.Button",
    "onclick": "AS_Button_77c8104a6dbe48f09c8c32eb71f59629",
    "parent": "flxFunctionList",
    "pf": "frmFeatures",
    "wType": "Button",
    "widgetalignment": 5
}