{
    "DNDConfig": null,
    "_height_": {
        "type": "string",
        "value": "60dp"
    },
    "_margin_": [
        0,
        0,
        0,
        0
    ],
    "_orientation_": 6,
    "_padding_": [
        0,
        0,
        0,
        0
    ],
    "_percent_": true,
    "_skin_": "s5ba07fa42b242dd981fdd49219acb95",
    "allboxes": [],
    "autogrowmode": 0,
    "canUpdateUI": true,
    "children": [
        "lblDirection",
        "lblDistance"
    ],
    "clipbounds": true,
    "containerId": true,
    "containerweight": 100,
    "enablescrolling": true,
    "id": "flxTempDirection",
    "info": null,
    "isSegmentChild": false,
    "isTemplate": true,
    "isvisible": true,
    "kuid": "c9582196df404dff97acdf5ff0b1faa6",
    "layouttype": 2,
    "name": "kony.ui.FlexContainer",
    "parent": "tempDirection",
    "pf": "tempDirection",
    "snapgridsize": 10,
    "snaptogrid": true,
    "wType": "FlexContainer",
    "widgetalignment": 1
}