{
    "@class": "com.kony.gen.viz.model.component.KVizLabel",
    "DNDConfig": null,
    "__parentReadjusting__": false,
    "_height_": {
        "type": "string",
        "value": "23dp"
    },
    "_left_": {
        "type": "string",
        "value": "5dp"
    },
    "_margin_": [
        1,
        1,
        1,
        1
    ],
    "_padding_": [
        0,
        0,
        0,
        0
    ],
    "_skin_": "sac353e1511d496b8129b17fdcc18f7f",
    "_text_": "Label",
    "_top_": {
        "type": "string",
        "value": "37dp"
    },
    "_width_": {
        "type": "string",
        "value": "100%"
    },
    "_wrapping_": 2,
    "android": {
        "textStyle": {
            "letterSpacing": 0,
            "strikeThrough": false
        }
    },
    "canUpdateUI": true,
    "containerId": true,
    "containerweight": 100,
    "contentalignment": 4,
    "id": "lblDistance",
    "info": null,
    "ipad": {
        "psp": {
            "wrapping": 2
        }
    },
    "iphone": {
        "psp": {
            "wrapping": 2
        }
    },
    "isSegmentChild": false,
    "isvisible": true,
    "kuid": "86b5571c1170460b9c55f1d006643b31",
    "name": "kony.ui.Label",
    "parent": "flxTempDirection",
    "pf": "tempDirection",
    "tooltip": "",
    "wType": "Label",
    "zindex": 1
}